id,url,crawled,primary,secondary,tertiary,hard,suitable,run_0,run_1,run_2,run_3,run_4,run_5,run_6,run_7,run_8,run_9,run_10,run_11,run_12,run_13,run_14
30962897,https://www.muziker.si/yamaha-hs-7-gray,2021,Not Slovene,,,,0,1,0,0,0,0,0,0,0,0,0,0,0,0,0,0
26364824,http://www.dkom.si/odlocitve_DKOM/2016110208235639/,2021,Too Long,,,,0,1,1,1,1,1,1,1,1,1,1,1,1,1,1,1
12710795,https://malizakladi.si/liewood-otroski-obroc-baloo-stripe-tuscany-rose-creme-de-la-creme-27222,2021,Promotion of a Product,,,False,1,1,1,1,1,1,1,1,1,1,1,1,1,1,1,1
5137,http://govori.se/tuji-traci/michael-buble-ne-more-pozabiti-bivse/,2014,News/Reporting,,,False,1,1,1,1,1,1,1,1,1,1,1,1,1,1,1,1
1862612,http://www.potovanja-izleti.si/nakit-nepogresljiv-modni-dodatek-vsake-zenske.html,2021,Machine Translation,,,,0,1,1,1,1,1,1,1,1,1,1,1,1,1,1,1
8560420#1,https://www.alaja.si/trgovina/kozmetika/glina/zelena-glina-na-povojnem-traku-2-kosa.html,2021,Instruction,,,False,1,1,1,1,1,1,1,1,1,1,1,1,1,1,1,1
6861132,http://www.soncek-maribor.si/component/content/article/1-zadnje-novice/320-dan-mobilnosti-invalidov.html?tmpl=component&print=1&page=,2021,News/Reporting,,,True,1,1,1,1,1,1,1,1,1,1,1,1,1,1,1,1
7934,http://maribor24.si/gospodarstvo/gigasport-v-mariboru-napovedal-zaprtje-trgovine/14128,2014,News/Reporting,,Promotion,False,1,1,1,1,1,1,1,1,1,1,1,1,1,1,1,1
23169421,http://ecommerce.sist.si/catalog/project.aspx?id=8b90f7e1-5894-4a45-9f30-9669cdc08496,2021,Not Slovene,,,,0,1,1,1,1,1,1,1,1,1,1,1,1,1,1,1
8472041,https://www.mangee.si/index.php/racunalniska-oprema/iiyama-lcd-monitorji,2021,Promotion,Promotion of a product,,False,1,1,1,1,1,1,1,1,1,1,1,1,1,1,1,1
7431#1,http://www-test.mercator.si/uzivajmozdravo/prosti_cas/blog/arhiv_blogov/igor_evgen_bergant/clanek?aid=1701,2014,Forum,,,False,1,1,1,1,1,1,1,1,1,1,1,1,1,1,1,1
23511225,https://slo-link.si/festival-speculum-artium-2019-in-digitalbigscreen-2019/,2021,Opinionated News,,Promotion,True,1,1,1,1,1,1,1,1,1,1,1,1,1,1,1,1
19871313#1,https://bazar.coks.si/?cat=34&paged=9,2021,Opinionated News,,,False,1,1,1,1,1,1,1,1,1,1,1,1,1,1,1,1
22412226#1,https://radio.ognjisce.si/sl/228/novice/31740/,2021,Other,,,False,1,1,1,1,1,1,1,1,1,1,1,1,1,1,1,1
2107,http://www.mladina.si/53749/revolver/,2014,List of Summaries/Excerpts,,,False,1,1,1,1,1,1,1,1,1,1,1,1,1,1,1,1
5399#1,http://www.studiocerne.si/svetovanje-storitve,2014,List of Summaries/Excerpts,Promotion of services,,False,1,1,1,1,1,1,1,1,1,1,1,1,1,1,1,1
2639,http://www.buca.si/index.php?nav0=&amp;nav1=knjigarna&amp;nav2=oddelek&amp;nav3=&amp;id=26&amp;offset=180&amp;sort=,2014,List of Summaries/Excerpts,,,False,1,1,1,1,1,1,1,1,1,1,1,1,1,1,1,1
9718,http://www.hiter.si/?p=2055,2014,Promotion of a Product,News/Reporting,,False,1,1,1,1,1,1,1,1,1,1,1,1,1,1,1,1
4520734,https://deloindom.delo.si/gradnja-in-obnova/novogradnje/finski-program-pospesevanja-lesene-gradnje-ze-kaze-rezultate,2021,Opinionated News,,,False,1,1,1,1,1,1,1,1,1,1,1,1,1,1,1,1
9882,http://www.os-tabor1.si/index.php?limitstart=312,2014,Opinion/Argumentation,,,False,1,1,1,1,1,1,1,1,1,1,1,1,1,1,1,1
7418,http://www.insolvinfo.si/DnevneVsebine/Novice.aspx?id=109185,2014,News/Reporting,,,False,1,1,1,1,1,1,1,1,1,1,1,1,1,1,1,1
32813037,https://enavtika.si/sl/novice/1959-konec-4-etape-volvo-ocean-race/,2021,Opinionated News,,,False,1,1,1,1,1,1,1,1,1,1,1,1,1,1,1,1
4161143#1,https://www.fashionista.si/tag/ursa/,2021,Opinionated News,,,False,1,1,1,1,1,1,1,1,1,1,1,1,1,1,1,1
14312049,https://www.geocacher.si/forum/viewtopic.php?f=20&t=1212&p=13477&sid=74559fa4f6cbbb1a1c2d0e864b4b8068,2021,Forum,,,False,1,1,1,1,1,1,1,1,1,1,1,1,1,1,1,1
7520,http://origin.zadovoljna.si/arhiv//rumeno?&amp;page=13&amp;p_all_items=2739,2014,List of Summaries/Excerpts,Opinionated News,,False,1,1,1,1,1,1,1,1,1,1,1,1,1,1,1,1
4120#3,http://tisa.blog.siol.net/2008/03/,2014,Review,,,False,1,1,1,1,1,1,1,1,1,1,1,1,1,1,1,1
9026,http://www.intimatemedicine.si/max-modic/kako-se-trzi-seks/,2014,Opinion/Argumentation,,,False,1,1,1,1,1,1,1,1,1,1,1,1,1,1,1,1
4412,http://www.artish.si/artishani/matic-praznikjuicy,2014,Information/Explanation,Opinion/Argumentation,,False,1,1,1,1,1,1,1,1,1,1,1,1,1,1,1,1
820,http://www.os-prezih.si/index.php/component/content/article/31-ucenci-in-ucitelji/govorilne-ure/22-govorilne-ure,2014,Announcement,,,False,1,1,1,1,1,1,1,1,1,1,1,1,1,1,1,1
2717,http://www.paradaplesa.si/?Id=ritem_izjav&amp;View=novica&amp;novicaID=2652,2014,Opinion/Argumentation,Invitation,,False,1,1,1,1,1,1,1,1,1,1,1,1,1,1,1,1
72#1,http://www.zavodviva.si/v-razmislek,2014,Promotion,Promotion of services,,False,1,1,1,1,1,1,1,1,1,1,1,1,1,1,1,1
36459966,"http://www.oglasi.si/storitve_in_delo/administrativne_storitve/storitve_in_delo/delovna_mesta,_zaposlitev?page=2",2021,List of Summaries/Excerpts,Other,,False,1,1,1,1,1,1,1,1,1,1,1,1,1,1,1,1
2454,http://www.malipotepuhi.si/index.php/potovanja-po-svetu/evropa,2014,Promotion,,Information/Explanation,True,1,1,1,1,1,1,1,1,1,1,1,1,1,1,1,1
33379726,https://www.stenar.si/prosto-letenje/nahrbtniki-vrece/nova-kompresijska-vreca-sm,2021,Promotion of a Product,,Information/Explanation,False,1,1,1,1,1,1,1,1,1,1,1,1,1,1,1,1
4611231,http://www.gg-steklarstvo.si/index.php/presnavesna/48-mandljeva-strnjenka-na-mandljevem-biskvitu.html,2021,Recipe,,,False,1,1,1,1,1,1,1,1,1,1,1,1,1,1,1,1
7635,http://www.vasilijzbogar.si/esimit_europa.php,2014,Promotion,,,False,1,1,1,1,1,1,1,1,1,1,1,1,1,1,1,1
604,http://www.hrm-revija.si/index.php?page=magazine&amp;s=1&amp;iid=98&amp;a_id=1869,2014,Information/Explanation,Opinion/Argumentation,,False,1,1,1,1,1,1,1,1,1,1,1,1,1,1,1,1
7818,http://www.vist.si/kozmetika/izp_aromaterapija.htm,2014,Information/Explanation,,,False,1,1,1,1,1,1,1,1,1,1,1,1,1,1,1,1
17910889,https://moj-letak.si/klet-brda?store=a1,2021,Promotion of Services,,Information/Explanation,False,1,1,1,1,1,1,1,1,1,1,1,1,1,1,1,1
1457,http://www.velenje.si/667?newsId=8587,2014,Invitation,,,False,1,1,1,1,1,1,1,1,1,1,1,1,1,1,1,1
35611279,https://www.gov.si/novice/2020-02-12-ministrica-dr-angelika-mlinar-na-obisku-eu-projektov-v-trbovljah/,2021,News/Reporting,,Opinionated News,False,1,1,1,1,1,1,1,1,1,1,1,1,1,1,1,1
3883,http://www.motosvet.com/renault-razkril-svoj-trikolesni-koncept-ublo.html,2014,Promotion of a Product,News/Reporting,,False,1,1,1,1,1,1,1,1,1,1,1,1,1,1,1,1
10858840,https://outlet.chiptehnika.si/index.php?route=product/product&product_id=1073&tag=ro%C4%8Dni,2021,Machine Translation,,,,0,1,1,1,1,1,1,1,1,1,1,1,1,1,1,1
27672639,https://svetmetraze.si/kategorija/za-svecane-priloznosti/brokat-zakard,2021,Information/Explanation,,,False,1,1,1,1,1,1,1,1,1,1,1,1,1,1,1,1
3280,http://revija-prijatelj.rkc.si/032002.htm,2014,Too Long,,,,0,1,1,1,1,0,1,1,1,1,1,1,0,1,1,1
23067254,https://sd-sport.si/tag/avstrija/page/3/,2021,List of Summaries/Excerpts,Opinionated news,,False,1,1,1,1,1,1,1,1,1,1,1,1,1,1,1,1
36761749,http://www.bambino.si/forum/viewtopic.php?p=218650&sid=8e6773ab2ed9b6ba8826261ae2faea17,2021,Forum,,,True,1,1,1,1,1,1,1,1,1,1,1,1,1,1,1,1
5368,http://www.servis48.si/view?id=1636,2014,Forum,,,False,1,1,1,1,1,1,1,1,1,1,1,1,1,1,1,1
6729#1,http://ravne.blog.siol.net/2012/12/11/tudi-na-ravenski-obcini-po-domace/,2014,Forum,,,False,1,1,1,1,1,1,1,1,1,1,1,1,1,1,1,1
5574,http://m.petrol.si/povej/ali-za-prevoz-goriva-zadosca-atestirana-plasticna-posoda,2014,Correspondence,,,False,1,1,1,1,1,1,1,1,1,1,1,1,1,1,1,1
15012556,https://njena.svet24.si/clanek/svet-slavnih/5f27a0cb89771/uganete-koliko-let-steje-ameriski-zvezdnik,2021,Information/Explanation,,Opinion/Argumentation,False,1,1,1,1,1,1,1,1,1,1,1,1,1,1,1,1
7062789,http://mikec.si/2012/05/ultimate-survival-oz-neverjetno.html?replytocom=3412,2021,Opinion/Argumentation,,,False,1,1,1,1,1,1,1,1,1,1,1,1,1,1,1,1
2159456,http://obcine.nijz.si/Vsebina.aspx?leto=2017&id=99,2021,Information/Explanation,,,False,1,1,1,1,1,1,1,1,1,1,1,1,1,1,1,1
5127,http://www.skofija-novomesto.si/article/2011/sep/28/beatifikacija-drinskih-mucenk-v-sarajevu_2/,2014,Information/Explanation,,,False,1,1,1,1,1,1,1,1,1,1,1,1,1,1,1,1
10164066,https://www.emundia.si/klimatske-naprave/kompleti-klimatskih-naprav/vivax-klimatska-naprava-acp-12ch35reii-3-2-kw,2021,Non-textual,,,,0,1,1,1,1,1,1,1,1,1,1,1,1,1,1,1
2441#1,http://www.mphoto.si/pod-mont-blanc/,2014,Forum,,,False,1,1,1,1,1,1,1,1,1,1,1,1,1,1,1,1
7459701,http://www.inv.si/novice.aspx?idnovica=12&lang=slo,2021,News/Reporting,,,False,1,1,1,1,1,1,1,1,1,1,1,1,1,1,1,1
2766676,https://www.tovarnaorganika.si/trgovina/etericna-olja/kadilna-bozvelija-etericno-olje,2021,Instruction,,,False,1,1,0,0,0,0,0,1,0,0,0,0,0,1,0,0
11412445,https://povezujemo.si/varstor-jernej-storgelj-s-p,2021,Information/Explanation,,,False,1,1,1,1,1,1,1,1,1,1,1,1,1,1,1,1
1284152,https://postni-nabiralniki.si/,2021,Promotion,Promotion of Services,,False,1,1,1,1,1,1,1,1,1,1,1,1,1,1,1,1
7189,http://www.mladina.si/144654/rasisticni-napad/,2014,Opinionated News,,,False,1,1,1,1,1,1,1,1,1,1,1,1,1,1,1,1
809,http://sodnapraksa.si/?q=id:2012032113051869&amp;database[SOVS]=SOVS&amp;database[IESP]=IESP&amp;database[VDSS]=VDSS&amp;database[UPRS]=UPRS&amp;_submit=išči&amp;order=date&amp;direction=asc&amp;page=0&amp;moreLikeThis=1&amp;id=doc_2010040815256605,2014,Legal/Regulation,,,False,1,1,1,1,1,1,1,1,1,1,1,1,1,1,1,1
2263,http://www.restaurantclub.si/594-buzinel.html,2014,Promotion of Services,,,False,1,1,1,1,1,1,1,1,1,1,1,1,1,1,1,1
2573,http://www.golica.si/veseli-hribovci-v-filharmoniji,2014,Opinion/Argumentation,,Information/Explanation,False,1,1,1,1,1,1,1,1,1,1,1,1,1,1,1,1
12661859,https://www.zps.si/o-nas-mainmenu-361/aktualno/,2021,List of Summaries/Excerpts,,,False,1,1,1,1,1,1,1,1,1,1,1,1,1,1,1,1
2771,http://konji.si/tag/tusiranje/,2014,List of Summaries/Excerpts,Information/Explanation,,False,1,1,1,1,1,1,1,1,1,1,1,1,1,1,1,1
37408347,http://www2014.paranoid.si/reportaze/p/222,2021,List of Summaries/Excerpts,Opinion/Argumentation,Review,False,1,1,1,1,1,1,1,1,1,1,1,1,1,1,1,1
11504992,https://www.radio1.si//23924,2021,Opinionated News,,,False,1,1,1,1,1,1,1,1,1,1,1,1,1,1,1,1
3326,http://www.zdravje.si/koronarna-srcna-bolezen,2014,Information/Explanation,Instruction,,False,1,1,1,1,1,1,1,1,1,1,1,1,1,1,1,1
914784,http://motocross-mackovci.si/mx-proga,2021,Information/Explanation,,Promotion of a Product,False,1,1,1,1,1,1,1,1,1,1,1,1,1,1,1,1
7967414,http://www.solarakican.si/index.php/sl?page=0&action=article&article_id=70&start=176,2021,Opinionated News,List of Summaries/Excerpts,,False,1,1,1,1,1,1,1,1,1,1,1,1,1,1,1,1
2939,http://www.spins.si/novice/1/banane_rasizem.html,2014,News/Reporting,,Opinion/Argumentation,False,1,1,1,1,1,1,1,1,1,1,1,1,1,1,1,1
1911809,https://www.sb-ms.si/aktualni-dogodki/novice-in-dogodki/v-murskosoboski-bolnisnici-razvojna-ambulanta-s-centrom-za-zgodnjo-obravnavo,2021,News/Reporting,Promotion,,False,1,1,1,1,1,1,1,1,1,1,1,1,1,1,1,1
36566082,http://www.melisasi.si/izdelki-za-pse/reconvales-tonicum-za-pse,2021,Promotion of a Product,Information/Explanation,,False,1,1,1,1,1,1,1,1,1,1,1,1,1,1,1,1
21458326,http://www.sodnapraksa.si/?q=id:2010040815258755&database%5BSOVS%5D=SOVS&database%5BIESP%5D=IESP&database%5BVDSS%5D=VDSS&database%5BUPRS%5D=UPRS&_submit=išči&rowsPerPage=20&order=changeDate&direction=asc,2021,Information/Explanation,Legal/Regulation,,False,1,1,1,1,1,1,1,1,1,1,1,1,1,1,1,1
11399860,http://www.dusmarje.si/si/434/942/obelezje-rojstnega-dne-sumlak-antona.aspx,2021,News/Reporting,,,False,1,1,1,1,1,0,1,1,0,1,0,1,0,1,1,1
13808007,https://www.oglasnik-plus.si/tag/najem-plovil/,2021,Too Short/Incoherent,,,,0,1,1,1,1,1,1,1,1,1,1,1,1,1,1,1
9682#1,http://www.publishwall.si/ivi.spelko/post/101701,2014,Forum,,,False,1,1,1,1,1,1,1,1,1,1,1,1,1,1,1,1
6695,http://www.4me.si/otroci.html?tmpl=component&amp;print=1&amp;page=,2014,Opinion/Argumentation,Promotion of Services,,False,1,1,1,1,1,1,1,1,1,1,1,1,1,1,1,1
179#1,http://www.vojsko.si/en/component/content/article/40-novice/96-delovanje-kud-planika-vojsko,2014,Lyrical,,,False,1,1,1,1,1,1,1,1,1,1,1,1,1,1,1,1
8834,http://www.publishwall.si/blitz/search/-/posts/0/2007/08,2014,List of Summaries/Excerpts,Opinion/Argumentation,,False,1,1,1,1,1,1,1,1,1,1,1,1,1,1,1,1
8456,http://www.animeslovenija.si/index.php?option=com_content&amp;task=view&amp;id=3897&amp;Itemid=87&amp;lang=,2014,Encoding Issues,,,,0,0,0,0,0,0,0,0,0,1,0,0,0,0,0,0
20892584#1,http://www.cincile.mojforum.si/cincile-about873.html,2021,Forum,,,False,1,1,1,1,1,1,1,1,1,1,1,1,1,1,1,1
3893,http://www.nijz.si/mediji/sporocila_za_javnost?pi=21&amp;_21_view=item&amp;_21_newsid=1698&amp;pl=85-21.0.,2014,Information/Explanation,,,False,1,1,1,1,1,1,1,1,1,1,1,1,1,1,1,1
33868957#1,http://splet.dc-dlan.si/teorija-spola/,2021,List of Summaries/Excerpts,Opinion/Argumentation,,False,1,1,1,1,1,1,1,1,1,1,1,1,1,1,1,1
2301511,https://www.estetika-milosevic.si/piskotki/,2021,Non-textual,,,,0,1,1,1,1,1,1,1,1,0,1,1,1,1,1,1
560379,http://www.cemsenik.si/svete-ma-e-v-ivo-preko-facebooka-upnika-janeza-mihel-i-a,2021,Announcement,,Invitation,False,1,1,1,1,1,1,1,1,1,1,1,1,1,1,1,1
17663984#5,https://publishwall.si/pozareport.7dni,2021,News/Reporting,Opinionated News,,False,1,1,1,1,1,1,1,1,1,1,1,1,1,1,1,1
9322,http://www.peloz.si/index.php?option=com_content&amp;task=view&amp;id=16&amp;Itemid=33,2014,Promotion of Services,,,False,1,1,1,1,1,1,1,1,1,1,1,1,1,1,1,1
26558358,https://regionalgoriska.si/tag/delovna-nesreca/p/2,2021,List of Summaries/Excerpts,News/Reporting,,False,1,1,1,1,1,1,1,1,1,1,1,1,1,1,1,1
3706,http://reocp.ednevnik.si/entry.php?w=marjana&amp;e_id=175855,2014,Opinion/Argumentation,,,False,1,1,1,1,1,1,1,1,1,1,1,1,1,1,1,1
1520,http://mladipodjetnik.si/@@search?advanced_search=True&amp;b_start:int=140&amp;Subject:list=Dogodki%3A%20Seminar,2014,List of Summaries/Excerpts,,,False,1,1,1,1,1,1,1,1,1,1,1,1,1,1,1,1
3500,http://monde-diplomatique.si/clovek-ki-se-ni-nikoli-zmotil-pierre-rimbert/?action=vsebina,2014,List of Summaries/Excerpts,Opinion/Argumentation,,False,1,1,1,1,1,1,1,1,1,1,1,1,1,1,1,1
9902,http://volitve.dnevnik.si/tag/dobrodelnost?p=2,2014,List of Summaries/Excerpts,,News/Reporting,False,1,1,1,1,1,1,1,1,1,1,1,1,1,1,1,1
3380,http://www.bolezen.si/medicinski-slovar/medicinski-slovar-i/2094-inzulin,2014,Information/Explanation,,,False,1,1,1,1,1,1,1,1,1,1,1,1,1,1,1,1
6845,http://www.24ur.com/konec-simpsonovih.html,2014,News/Reporting,,Opinion/Argumentation,False,1,1,1,1,1,1,1,1,1,1,1,1,1,1,1,1
28917028,https://wiki.potnik.si/index.php?title=Indija&action=edit&oldid=7703,2021,HTML Source Code,,,,0,1,1,1,1,1,1,1,1,1,1,1,1,1,1,1
9257,http://www.unicef.si/novice/204/unicef-ob-zacetku-solskega-leta-v-afriskem-rogu-okrepil-podporo-izobrazevanju,2014,News/Reporting,,,False,1,1,1,1,1,1,1,1,1,1,1,1,1,1,1,1
8814,http://kr-og.sta.si/2011/11/porocilo-ce-delft-znizuje-notranjo-stopnjo-donosa-tes-6-2/,2014,News/Reporting,,,False,1,1,1,1,1,1,1,1,1,1,1,1,1,1,1,1
5388,http://www.narodnjak.si/aktualno/novice/3-krog-glasovanja-za-narodnjakovo-e-vizo-2012,2014,News/Reporting,,Opinionated News,False,1,1,1,1,1,1,1,1,1,1,1,1,1,1,1,1
14009823,https://www.minibini.si/trgovina/zenske/manjse-torbice/crne-kocke-zlata/,2021,Other,,,True,1,1,1,1,1,1,1,1,1,1,1,1,1,1,1,1
27508776#1,https://www.zib.si/S10100/S10000/S60000/S3/S10020/S20000/S10300/S80000/S10100/S10300/S3/S3/S1/Vstopna+stran,2021,Interview,,,False,1,1,1,1,1,1,1,1,1,1,1,1,1,1,1,1
1689,http://www.joker.si/slika.php?cid=10829&amp;id=34041,2014,Opinion/Argumentation,,,False,1,1,1,1,1,1,1,1,1,1,1,1,1,1,1,1
6072833,http://www.opvbistricams.si/zgodovina.html,2021,List of Summaries/Excerpts,,,False,1,1,1,1,1,1,1,1,1,1,1,1,1,1,1,1
5854#1,http://kokaplatz.blog.siol.net/2010/07/23/ne-bi-ce-ne-bi/,2014,Forum,,,False,1,1,1,1,1,1,1,1,1,1,1,1,1,1,1,1
18170435,http://fonti.gifmania.si/S-Fonti/Scream-Outlined.htm,2021,Machine Translation,,,,0,0,0,0,0,0,0,0,0,0,0,0,0,0,0,0
10508435,https://www.rpls.si/Predpis.aspx?id=77975&obcina=LJUBLJANA,2021,Non-textual,,,,0,0,0,0,0,1,0,0,0,0,0,0,0,0,0,0
2065,http://sandrica.blog.siol.net/tag/borut-pahor/,2014,Opinion/Argumentation,,,False,1,1,1,1,1,1,1,1,1,1,1,1,1,1,1,1
5013053,http://www.strelec.si/forum/post-131620.html,2021,Forum,,,False,1,1,1,0,1,0,0,1,0,0,0,1,1,0,1,0
1740,http://fashion.si/modni-dodatki/mulberry-torbe,2014,Promotion of a Product,,,False,1,1,1,1,1,1,1,1,1,1,1,1,1,1,1,1
21412349,http://anthrenus.pms-lj.si/animalia/load.php?species=2966,2021,Information/Explanation,,,False,1,1,1,1,1,1,1,1,1,1,1,1,1,1,1,1
2111810#1,https://www.spomincica.si/?p=86505,2021,Forum,,,False,1,1,1,1,1,1,1,1,1,1,1,1,1,1,1,1
8236,http://www.sigic.si/odzven/toronto-drug-bust-v-tujini,2014,Information/Explanation,News/Reporting,,False,1,1,1,1,1,1,1,1,1,1,1,1,1,1,1,1
7984,http://www.lovska-zveza.si/default.aspx?MenuID=20&amp;EventID=131,2014,Opinionated News,,,False,1,1,1,1,1,1,1,1,1,1,1,1,1,1,1,1
6202,http://www.helios.si/slo/druzbena-odgovornost/heliosov-sklad-za-ohranjanje-cistih-slovenskih-voda-test/heliosov-sklad-za-ohranjanje-cistih-slovenskih-voda/vodnjaki/3006,2014,News/Reporting,,,False,1,1,1,1,1,1,1,1,1,1,1,1,1,1,1,1
4136,http://www.radiocapris.si/glasba/p/68,2014,List of Summaries/Excerpts,Opinionated News,,False,1,1,1,1,1,1,1,1,1,1,1,1,1,1,1,1
6313066,http://www.paragliding-slovenia.si/forum/viewtopic.php?p=25467&sid=6340db51d7cfa7e4e1b76e4dfa0c448a,2021,Forum,,Correspondence,False,1,1,1,1,1,1,1,1,1,1,1,1,1,1,1,1
4120#2,http://tisa.blog.siol.net/2008/03/,2014,Opinion/Argumentation,,,False,1,1,1,1,1,1,1,1,1,1,1,1,1,1,1,1
363124,https://www.delovno-pravo.si/delovno-pravo-blog?start=56,2021,Correspondence,,,False,1,1,1,1,1,1,1,1,1,1,1,1,1,1,1,1
6652,http://dobranovica.si/zdravilne-lastnosti-jogutra/,2014,Promotion of a Product,,,False,1,1,1,1,1,1,1,1,1,1,1,1,1,1,1,1
11366916,http://teambuildinglab.si/bine-volcic/,2021,Promotion of a Product,,,False,1,1,1,1,1,1,1,1,1,1,1,1,1,1,1,1
3436,http://www.bolezen.si/bolezni/rak/1878-rak-prostate,2014,Information/Explanation,,,False,1,1,1,1,1,1,1,1,1,1,1,1,1,1,1,1
183,http://www.alta-skladi.si/Korporativne_finance/Uvrstitev_financnih_instrumentov_v_organizirano_trgovanje,2014,Promotion of Services,,,False,1,1,1,1,1,1,1,1,1,1,1,1,1,1,1,1
25022533,http://kum24.si/clanek/novice/5ab34463c55b8/poslanci-neenotnih-stalisc-o-zakonu-o-izgradnji-he-na-srednji-savi,2021,News/Reporting,,,False,1,1,1,1,1,1,1,1,1,1,1,1,1,1,1,1
8760,http://www.viva.si/Zdrav-način-prehrane/2860/Fižol,2014,Instruction,Promotion of a Product,,False,1,1,1,1,1,1,1,1,1,1,1,1,1,1,1,1
611853,http://www.malijaz.si/sl/shop/mali-svet/nogometno-igrisce.html,2021,Promotion of a Product,List of Summaries/Excerpts,,False,1,1,1,1,0,1,1,1,1,0,1,1,1,1,1,1
31398876,https://deloindom.delo.si/bivanje/domovi/italijanski-mesti-obljubljata-placilo-najemnine-za-delo-na-daljavo,2021,Opinionated News,Promotion,,False,1,1,1,1,1,1,1,1,1,1,1,1,1,1,1,1
17663984#2,https://publishwall.si/pozareport.7dni,2021,Opinionated News,,,False,1,1,1,1,1,1,1,1,1,1,1,1,1,1,1,1
24071055,http://www.zvvs.si/?stran=novicedogodki&po=13/17,2021,List of Summaries/Excerpts,,,False,1,1,1,1,1,1,1,1,1,1,1,1,1,1,1,1
32767713,https://www.kamnik.si/novice/Okrogla-miza-ob-dnevu-boja-proti-korupciji-Premozenje-obcin--sticisce-korupcijskih-tveganj-09-12-2015,2021,News/Reporting,,,False,1,1,1,1,1,1,1,1,1,1,1,1,1,1,1,1
15287426,https://www.ecco-verde.si/anarkhia/hair-shock-vlazilen-gel-champi,2021,Promotion of a Product,,,False,1,1,1,1,1,1,1,1,1,1,1,1,1,1,1,1
6581,http://www.monitor.si/clanek/kako-kupiti-telefon/145059/,2014,Opinion/Argumentation,Instruction,,False,1,1,1,1,1,1,1,1,1,1,1,1,1,1,1,1
2170,http://old.radiostudent.si/print.php?sid=18826&amp;lang=slovene,2014,Review,,,False,1,1,1,1,1,1,1,1,1,1,1,1,1,1,1,1
2663,http://www.etno-muzej.si/en/zbirke-fotografij,2014,Information/Explanation,,,False,1,1,1,1,1,1,1,1,1,1,1,1,1,1,1,1
4764206,https://marko-valentincic.vulco.si/reservation,2021,Other,,,False,1,1,1,1,1,1,1,1,1,1,1,1,1,1,1,1
7002,http://www.sport-tv.si/contentList/Posts/5/topicv1663/Winnipeg_Jets,2014,Encoding Issues,,,,0,0,0,0,0,0,0,0,0,0,0,0,0,0,0,0
34465867,https://www.friko.si/alpinizem?page=59,2021,List of Summaries/Excerpts,,,False,1,1,1,1,1,1,1,1,1,1,1,1,1,1,1,1
5400,http://jodlajodla.si/blog/litva-z-zmago-nacionalka-s-sramoto/,2014,Opinion/Argumentation,,,False,1,1,1,1,1,1,1,1,1,1,1,1,1,1,1,1
2601,http://www.prospera-nepremicnine.si/nakup/stajerska-savinjska/stanovanja-v-zrecah/dvosobno-stanovanje-zrece/,2014,Promotion of a Product,,,False,1,1,1,1,1,1,1,1,1,1,1,1,1,1,1,1
3189,http://www.radiotriglav.si/?p=7051,2014,Opinionated News,,,False,1,1,1,1,1,1,1,1,1,1,1,1,1,1,1,1
409851,https://www.ses-mb.si/index.php/711-na-obisku-v-telekomu,2021,Opinion/Argumentation,Opinionated News,,False,1,1,1,1,1,1,1,1,1,1,1,1,1,1,1,1
3057,http://www.biolekarna.si/sl/novice/page=3,2014,Promotion,Promotion of services,,False,1,1,1,1,1,1,1,1,1,1,1,1,1,1,1,1
5960633,http://web-f1.ijs.si/opportunities/student-project/,2021,List of Summaries/Excerpts,,,False,1,1,1,1,1,1,1,1,1,1,1,1,1,1,1,1
9338,http://epsihologija.si/novica/ko-ste-potrti-strjenka-iz-kozjega-jogurta,2014,Promotion of a Product,,,False,1,1,1,1,1,1,1,1,1,1,1,1,1,1,1,1
72,http://www.zavodviva.si/v-razmislek,2014,Opinion/Argumentation,,,False,1,1,1,1,1,1,1,1,1,1,1,1,1,1,1,1
23581107,https://www.podarimo.si/81826-zelimo-si,2021,Other,,,False,1,1,1,1,1,1,1,1,1,1,1,1,1,1,1,1
41172888,http://osvavtavas.splet.arnes.si/page/21/?et_blog,2021,List of Summaries/Excerpts,,,False,1,1,1,1,1,1,1,1,1,1,1,1,1,1,1,1
13468354,https://www.lekarnaljubljana.si/artikel/neutrogena-hydro-boost-gel-krema-za-roke-75-ml,2021,Promotion of a Product,Information/Explanation,,False,1,1,1,1,1,1,1,1,1,1,1,1,1,1,1,1
6964,http://govori.se/domaci-traci/rajko-hrvatic-brez-alaye-ne-gre/,2014,Opinionated News,,,False,1,1,1,1,1,1,1,1,1,1,1,1,1,1,1,1
8732767,https://www.izkopi.si/,2021,Non-textual,,,,0,0,1,0,0,0,1,0,0,1,1,0,1,0,1,0
2992,http://www.telos.si/viewcast/niagara/gostream.htm,2014,Machine Translation,,,,0,1,1,1,1,1,1,1,1,1,1,1,1,1,1,1
18082795,https://www.vadbenaklinika.si/resnicne-zgodbe-nisem-vedela-da-imam-diastazo-rektusov-in-zgodilo-se-je-tole/,2021,Opinion/Argumentation,,,False,1,1,1,1,1,1,1,1,1,1,1,1,1,1,1,1
9338#1,http://epsihologija.si/novica/ko-ste-potrti-strjenka-iz-kozjega-jogurta,2014,Recipe,,,False,1,1,1,1,1,1,1,1,1,1,1,1,1,1,1,1
4922,http://www.mc-celje.si/sl/Eurodesk/Enakost_med_spoloma/,2014,News/Reporting,,,False,1,1,1,1,1,1,1,1,1,1,1,1,1,1,1,1
13459906,http://talentiran.si/index.php?option=com_content&view=article&id=2893&catid=148&Itemid=646,2021,Other,,,False,1,1,1,1,1,1,1,1,1,1,1,1,1,1,1,1
10171917,http://www.logatec.si/index.php/razpisi/javni-razpisi/363-arhiv-javnih-razpisov/5412-javni-razpis-za-podelitev-priznanj-obcine-logatec-za-leto-2018,2021,Call,,,False,1,1,1,1,1,1,1,1,1,1,1,1,1,1,1,1
9373#1,http://www.regionalobala.si/novica/senici-zaradi-delamarisa-grozi-10-let-zapora,2014,Forum,,,False,1,1,1,1,1,1,1,1,1,1,1,1,1,1,1,1
28110544,https://www.nova-gorica.si/uprava/nadzorni-odbor/2020103007341642/,2021,Non-textual,,,,0,1,1,0,1,1,1,1,1,1,0,0,1,1,1,0
13008521,http://www.malidelnicarji.si/mediji-o-nas.php?n=226,2021,Too Short/Incoherent,,,,0,1,1,1,1,1,1,1,1,1,1,1,1,1,1,1
6653,http://trgovina.racunovodja.si/clanki.asp?clanek=1103,2014,Legal/Regulation,,,False,1,1,1,1,1,1,1,1,1,1,1,1,1,1,1,1
2821,http://www.kclj.si/index.php?m=5&amp;s=6&amp;id=327&amp;d=31,2014,Other,,,False,1,1,1,1,1,1,1,1,1,1,1,1,1,1,1,1
249,http://www.dimenzijazdravja.si/pripomocki-za-zdravje-in-lepoto/odvisnost/kajenje/87-kako-skodljiva-je-ena-cigareta,2014,Opinion/Argumentation,Information/Explanation,,False,1,1,1,1,1,1,1,1,1,1,1,1,1,1,1,1
9269106#1,https://www.velenje.si/sporocila-za-javnost/2014/10/7132-Velenje-med-najlepsimi-mesti,2021,Promotion,Information/Explanation,Promotion of a product,False,1,1,1,1,1,1,1,1,1,1,1,1,1,1,1,1
12459181,https://www.igralec.si/forum/viewtopic.php?p=7004&sid=d72f370126bf2ee862c106918c1c1dd3,2021,Forum,,,False,1,1,1,1,1,1,1,1,1,1,1,1,1,1,1,1
1277644,https://pogajanja.si/?s=article&a=izpis&id=1221,2021,List of Summaries/Excerpts,Invitation,,True,1,1,1,1,1,1,1,1,1,1,1,1,1,1,1,1
193,http://www.reporter.si/slovenija/pospravljamo-podstre%C5%A1je-virantovi-pti%C4%8Dki-brez-gnezda-potrata-%C4%8Dasa/25021,2014,List of Summaries/Excerpts,Opinionated News,,False,1,1,1,1,1,1,1,1,1,1,1,1,1,1,1,1
7993,http://www.produktivnost.si/storitve/upravljanje-s-cloveskimi-viri/,2014,Opinion/Argumentation,,,False,1,1,1,1,1,1,1,1,1,1,1,1,1,1,1,1
2534,http://bebetter.si/izdelki_izboljsave_vode/255,2014,Promotion of a Product,,,False,1,1,1,1,1,1,1,1,1,1,1,1,1,1,1,1
2758961,"https://www.karavaning-portal.si/KARAVANING,,novice.htm&showNews=NEWSBOFBYF1222014232227&cPage=36",2021,Opinionated News,Promotion,,False,1,1,1,1,1,1,1,1,1,1,1,1,1,1,1,1
2981,http://www.odbojka.si/ozs/strokovni/posl,2014,Legal/Regulation,Information/Explanation,,False,1,1,1,1,1,1,1,1,1,1,1,1,1,1,1,1
1587,http://salve.si/index.php?option=com_content&amp;view=article&amp;id=738:1-adventna-nedelja--c-pridejo-dnevi-ko-izpolnim-obljubo-branko-balaic&amp;catid=32:pridige-c&amp;Itemid=77,2014,Opinion/Argumentation,,,False,1,1,1,1,1,1,1,1,1,1,1,1,1,1,1,1
23331578,https://domzalec.si/tag/opozarjamo/,2021,List of Summaries/Excerpts,,,False,1,1,1,1,1,1,1,1,1,1,1,1,1,1,1,1
2292,http://www.axismundi.si/arhiv-novic,2014,Promotion,,,False,1,1,1,1,1,1,1,1,1,1,1,1,1,1,1,1
133,http://www.bravo.si/naj-projekt-za-mlade-2011/,2014,News/Reporting,Call,Promotion,False,1,1,1,1,1,1,1,1,1,1,1,1,1,1,1,1
38765987,https://www.slovenskizdravniki.si/s-cepivom-povezano-pospesevanje-bolezni-vaed-tveganje-o-katerem-se-ne-govori-in-ne-poroca/?fbclid=IwAR1nhDPoVJKZHkGahdSGjWXGUqE3TqY1dJ1_y-fdCqOi0a5SgQn2G2IfjnM,2021,Opinion/Argumentation,Information/Explanation,,False,1,1,1,1,1,1,1,1,1,1,1,1,1,1,1,1
7112,http://ars.rtvslo.si/page/57/,2014,List of Summaries/Excerpts,,,False,1,1,1,1,1,1,1,1,1,1,1,1,1,1,1,1
8309722,https://www.fe.uni-lj.si/aktualno/2021071513595364/,2021,Invitation,,Call,False,1,1,1,1,1,1,1,1,1,1,1,1,1,1,1,1
6383,http://dobranovica.si/category/dobra-ideja/dobro-pocutje-dobra-ideja/page/12/,2014,List of Summaries/Excerpts,,,False,1,1,1,1,1,1,1,1,1,1,1,1,1,1,1,1
2013,http://www.zurnal24.si/prihajaja-navigacija-s-projekcijo-na-steklu-clanek-199430,2014,News/Reporting,Promotion of a Product,,False,1,1,1,1,1,1,1,1,1,1,1,1,1,1,1,1
25462693,https://mojtv.si/serije/14096/will-i-grace.aspx,2021,Other,List of Summaries/Excerpts,,False,1,1,1,1,1,1,1,1,1,1,1,1,1,1,1,1
6339,http://www.geneplanet.si/genetska-analiza/seznam-analiz/nikotinska-odvisnost.html/,2014,Information/Explanation,,,False,1,1,1,1,1,1,1,1,1,1,1,1,1,1,1,1
8556,http://realmadrid.si/novice/page/436/,2014,Opinionated News,,,False,1,1,1,1,1,1,1,1,1,1,1,1,1,1,1,1
22959476,http://www.marianum.si/dotik-nebes-na-srecanu-animatorjev-oratorija,2021,Opinion/Argumentation,Opinionated News,,True,1,1,1,1,1,1,1,1,1,1,1,1,1,1,1,1
8221,http://www.slovenia-terme.si/ponudba/wellness/masaze/osnovne-masaze/rocna-limfna-drenaza/,2014,Promotion of a Product,Information/Explanation,,False,1,1,1,1,1,1,1,1,1,1,1,1,1,1,1,1
3556697,http://www.spletne-igre.si/arkadne-igre/final-ninja,2021,Not Slovene,,,,0,0,1,0,0,1,1,0,0,1,0,1,0,0,0,0
3678651,https://kc.um.si/dogodki/trening-video-zaposlitvenega-razgovora-in-predstavitev-podjetja-nxp-semicon,2021,Invitation,,,False,1,1,1,1,1,1,1,1,1,1,1,1,1,1,1,1
2887#3,http://blog.druzinskapobuda.si/search/label/Dru%C5%BEinska%20politika?updated-max=2008-09-05T21:01:00%2B02:00&amp;max-results=20&amp;start=20&amp;by-date=false,2014,Correspondence,,,False,1,1,1,1,1,1,1,1,1,1,1,1,1,1,1,1
6909741,http://www.instore.si/newsarticle/newsarticle/Prva-preverjanja-mleka-na-sredini-2014,2021,News/Reporting,,,False,1,1,1,1,1,1,1,1,1,1,1,1,1,1,1,1
3776,http://www.radiocelje.si/novica.php?id=13007&amp;m=11&amp;l=2010,2014,News/Reporting,,,False,1,1,1,1,1,1,1,1,1,1,1,1,1,1,1,1
1638,http://www.zares.si/mnenje-ps-zares-o-opozicijskem-predlogu-protikriznih-ukrepov/,2014,Opinion/Argumentation,,,False,1,1,1,1,1,1,1,1,1,1,1,1,1,1,1,1
4761162,https://www.zdravstveniportal.si/najbolj-brano?page=5,2021,List of Summaries/Excerpts,Opinion/Argumentation,,True,1,1,1,1,1,1,1,1,1,1,1,1,1,1,1,1
167013,http://www.biota.si/styx_prod_details.asp?ID_cat=7&ID_prod=118,2021,Not Slovene,,,,0,1,1,0,1,1,1,1,1,0,0,1,1,1,1,1
4410410,https://www.avtera.si/catalog/zvok-in-slika/dodatki-za-fotoaparate/objektivi?view=fiksni1%7epageitems_20,2021,List of Summaries/Excerpts,Promotion of a Product,,True,1,1,1,0,1,0,0,0,0,0,0,0,0,0,0,0
30309259,http://www.pisrs.si/Pis.web/pregledPredpisa?id=PRAV14115&d-49683-s=3&d-49683-p=1&d-49681-o=2&d-49683-o=2&d-49681-p=1&d-49681-s=1,2021,Legal/Regulation,,,False,1,1,1,1,1,1,1,1,1,1,1,1,1,1,1,1
5759313,https://www.ulbrich.si/molykote-g-4500-g-4501,2021,Promotion of a Product,,Information/Explanation,False,1,1,1,1,1,0,1,1,1,0,1,1,1,1,1,1
207,http://www.moje-izkusnje.si/sl/podporniki/162-l-mit,2014,Promotion of Services,Information/Explanation,,False,1,1,1,1,1,1,1,1,1,1,1,1,1,1,1,1
1309,http://open.si/www.ocistimo.si/?paged=38,2014,List of Summaries/Excerpts,,,False,1,1,1,1,1,1,1,1,1,1,1,1,1,1,1,1
1524,http://www.mc-celje.si/sl/EU_Direct_Savinjska/Evropska_komisija_sprejela_sklep_o_prvem_sveznju_financiranja_za_projekte_vseevropskega_prometnega_omrezja/,2014,News/Reporting,,,False,1,1,1,1,1,1,1,1,1,1,1,1,1,1,1,1
27363653,http://www.rumenestrani.si/si/klasicni-pevec-aljaz-farasin-88678,2021,Non-textual,,,,0,1,1,1,1,1,1,1,1,1,1,1,1,1,1,1
7787,http://www.valtex.si/panoge/kulturne-ustanove/referencna-zgodba,2014,Promotion of a Product,,,False,1,1,1,1,1,1,1,1,1,1,1,1,1,1,1,1
1754,http://www.mic.si/svetovalnica/spletno-svetovanje/psiholosko-svetovanje/2319-moje-oaee-je-alkoholik?tmpl=component&amp;print=1&amp;layout=default&amp;page=,2014,Correspondence,,,False,1,1,1,1,1,1,1,1,1,1,1,1,1,1,1,1
1543,http://www.modrijan.si/slv/Knjizni-program/Knjizni-program/Novice/Iz-knjige-na-film/Poljska-pisateljica-in-dramaticarka-Dorota-Maslowska-gostja-festivala-Fabula-in-SNG-Drama/(offset)/25,2014,News/Reporting,Promotion,,False,1,1,1,1,1,1,1,1,1,1,1,1,1,1,1,1
2373,http://www.element.si/spletna-stran/cgp,2014,Promotion of a Product,,,False,1,1,1,1,1,1,1,1,1,1,1,1,1,1,1,1
577,http://www.animeslovenija.si/index.php?option=com_simpleboard&amp;Itemid=112&amp;func=view&amp;id=5745&amp;catid=19&amp;lang=,2014,Encoding Issues,,,,0,0,0,0,0,0,0,0,0,0,0,0,0,0,0,0
8863,http://www.arhivo.com/gradnja-v-kareju-h&amp;GID=4,2014,News/Reporting,,,False,1,1,1,1,1,1,1,1,1,1,1,1,1,1,1,1
334,http://www.flegis.si/index.php/page/3/,2014,Other,,,False,1,1,1,1,1,1,1,1,1,1,1,1,1,1,1,1
34869825,https://www.gov.si/novice?org%5B0%5D=29&start=200,2021,List of Summaries/Excerpts,,News/Reporting,False,1,1,1,1,1,1,1,1,1,1,1,1,1,1,1,1
26685040,https://radioprvi.rtvslo.si/2018/06/slovencem-po-svetu-179/,2021,List of Summaries/Excerpts,News/Reporting,,False,1,1,1,1,1,1,1,1,1,1,1,1,1,1,1,1
6210068,https://www.leonardo-dekor.si/znamke/obesek-donatella-mini.html,2021,Promotion of a Product,,,False,1,1,1,1,1,1,1,1,1,1,1,1,1,1,1,1
6867027#2,https://www.mojmuffin.si/nastavki-za-dekoriranje/557-nifty-nozzles-ruski-nastavek-za-dekoriranje-xl-nn112-crocus.html,2021,Recipe,,,False,1,1,1,1,1,1,1,1,1,1,1,1,1,1,1,1
110084,https://www.totum.si/povprasevanje.html?p=644,2021,Other,,,False,1,1,1,1,1,1,1,1,1,1,1,1,1,1,1,1
3264277,http://www.zkdlj-zveza.si/category/automobilizam/,2021,Not Slovene,,,,0,1,1,1,1,1,1,1,1,1,1,1,1,1,1,1
1360964,https://arhiv.lenart.si/index.php/novice-2010?start=15,2021,List of Summaries/Excerpts,,Opinionated news,False,1,1,1,1,1,1,1,1,1,1,1,1,1,1,1,1
3367,http://www.pcplus.si/periferija-in-dodatki/dodatki-za-tiskalnike-in-telefakse/papir-kodak-premium-photo-20-listov-a4-230g-m2-ultra-glossy,2014,Encoding Issues,,,,0,0,0,0,0,0,0,0,0,0,0,0,0,0,0,0
707731,http://www.otrokoskop.si/main/cat/37/2,2021,Information/Explanation,,Promotion,False,1,1,1,1,1,1,1,1,1,1,1,1,1,1,1,1
17871072,https://www.gnes.si/novice/kronika/stanje-na-cestah/9837-prometno-porocilo-ponedeljek-11-februar-2019-ob-08-32,2021,News/Reporting,,List of Summaries/Excerpts,False,1,1,1,1,1,1,1,1,1,1,1,1,1,1,1,1
24559017,https://watersports.si/sl/fotografije/fotografije-2017/event/AH-irPXBGMco3kVBehnnTVKx-_GaziJBCAM6ZIEtqsuzCRC8ROGu3BeoUoDaPD74VpcHMYHXt4zL,2021,Opinion/Argumentation,,Promotion,False,1,1,1,1,1,1,1,1,1,1,1,1,1,1,1,1
22463813,https://predlagam.vladi.si/moje-nastavitve?tx_governmentpropositions_governmentpropositions%5Bcontroller%5D=User&tx_governmentpropositions_governmentpropositions%5Buser%5D=35158&cHash=d688b0df0fa01fdb282741e9577062d0,2021,List of Summaries/Excerpts,Opinion/Argumentation,,False,1,1,1,1,1,1,1,1,1,1,1,1,1,1,1,1
3655,http://www.harb.si/page/10/,2014,List of Summaries/Excerpts,Review,,False,1,1,1,1,1,1,1,1,1,1,1,1,1,1,1,1
3075,http://www.elektro-ljubljana.si/2/Za-medije/Sporocila-za-javnost/Novice/articleType/ArticleView/articleId/324/2000--Motena-oskrba-z-elektricno-energijo-zaradi-vremenskih-razmer.aspx,2014,Announcement,,,False,1,1,1,1,1,1,1,1,1,1,1,1,1,1,1,1
9175,http://www.proandy-sp.si/knjiga_ZCE.html,2014,Information/Explanation,,Opinion/Argumentation,False,1,1,1,1,1,1,1,1,1,1,1,1,1,1,1,1
8299,http://www.motosvet.com/supersportni-hyosung.html,2014,Promotion of a Product,News/Reporting,,False,1,1,1,1,1,1,1,1,1,1,1,1,1,1,1,1
3706#1,http://reocp.ednevnik.si/entry.php?w=marjana&amp;e_id=175855,2014,Forum,,,False,1,1,1,1,1,1,1,1,1,1,1,1,1,1,1,1
645,http://www.red-orbit.si/blog/bullshit-detektor,2014,Opinion/Argumentation,,,False,1,1,1,1,1,1,1,1,1,1,1,1,1,1,1,1
24491245,https://www.gifmania.si/Gif-Animacije-Izdelava-Spletnih-Strani/Animirani-Gifi-Znaki-Za-Spletne-Strani/Animacija-Dobrodosli-Znaki?p=3,2021,Machine Translation,,,,0,0,0,0,0,1,0,0,0,0,0,0,0,0,0,0
29872542,https://dk.um.si/Iskanje.php?type=napredno&stl0=Avtor&niz0=Horvat+Borut&lang=slv,2021,Research Article,,,False,1,1,1,1,1,1,1,1,1,1,1,1,1,1,1,1
2567671,https://www.mitral.si/trgovina/ortopedska-obutev/patricia-lahka-in-zracna-superga-za-celodnevno-nosenje?add_to_wishlist=20788,2021,Promotion of a Product,,,False,1,1,1,1,1,1,1,1,1,1,1,1,1,1,1,1
4209661,https://3way-sp.si/instrukcije-matematike-za-osnovno-solo/,2021,Opinion/Argumentation,Promotion of a Product,,False,1,1,1,1,1,1,1,1,1,1,1,1,1,1,1,1
17663984#8,https://publishwall.si/pozareport.7dni,2021,Opinionated News,,,False,1,1,1,1,1,1,1,1,1,1,1,1,1,1,1,1
11155039,https://www.mladina.si/arhiv/200723/,2021,List of Summaries/Excerpts,,,False,1,1,1,1,1,1,1,1,1,1,1,1,1,1,1,1
41612921,https://1zavse.si/2021-05-03/slovenske-novice/novi-nezeleni-stranski-ucinki-po-cepljenju-menstruacije-dolge-bolece-in-neredne/150965,2021,News/Reporting,List of Summaries/Excerpts,,False,1,1,1,1,1,1,1,1,1,1,1,1,1,1,1,1
6600,http://www.koroskenovice.si/index.php/politics/item/479-kapz-mohorjan-praznuje-15-let-delovanja,2014,Invitation,,,False,1,1,1,1,1,1,1,1,1,1,1,1,1,1,1,1
4308309,http://zobozdravnik.poslovni-imenik.si/tag/lesena-vhodna-vrata/,2021,List of Summaries/Excerpts,Promotion,Promotion of a Product,False,1,1,1,1,1,1,1,1,1,1,1,1,1,1,1,1
19871313#4,https://bazar.coks.si/?cat=34&paged=9,2021,Opinionated News,,,False,1,1,1,1,1,1,1,1,1,1,1,1,1,1,1,1
26969739,http://www.duz-drustvo.si/?stran=novice&novica=140&page=51,2021,Invitation,,,False,1,1,1,1,1,1,1,1,1,1,1,1,1,1,1,1
14672592,http://sb.nuk.uni-lj.si/Outputs.aspx?cobissid=32212480&type=sutrs,2021,Non-textual,,,,0,0,1,0,0,0,0,0,0,0,0,0,1,0,1,0
5479,http://www.insolvinfo.si/DnevneVsebine/Novice.aspx?id=110740,2014,Opinionated News,,,False,1,1,1,1,1,1,1,1,1,1,1,1,1,1,1,1
18762293,https://www.starofservice.si/majhno/podravska/sentilj/zgornja-velka/urejanje-videa,2021,Machine Translation,,,,0,0,0,0,0,0,0,0,0,0,0,0,0,0,0,0
29961789,http://www.dusmarje.si/si/428/4261/omejitev-obiskov-na-eno-zdravo-osebo-od-20-1--do-6-2-2020.aspx,2021,Announcement,,,False,1,1,1,1,0,0,1,1,0,1,0,1,1,1,1,1
11961212,https://os-dobrovo.si/obvestila-za-ucence-in-starse/dostop-do-e-gradiv,2021,Non-textual,,,,0,1,1,1,1,1,1,1,1,1,1,1,1,1,1,1
14178640,http://ecommerce.sist.si/catalog/project.aspx?id=f6adb939-4b88-4522-ad1f-1c775cd49e5c,2021,Not Slovene,,,,0,1,1,1,1,1,1,1,1,1,1,1,1,1,1,1
177483,https://www.generali-klub.si/ugodnosti?tagId=terme,2021,List of Summaries/Excerpts,Promotion,,False,1,1,1,1,1,1,1,1,1,1,1,1,1,1,1,1
8059395,https://www.policija.si/index.php/novinarsko-sredie/index.php?option=com_content&view=article&id=73459,2021,Opinionated News,,,False,1,1,1,1,1,1,1,1,1,1,1,1,1,1,1,1
21112233,http://www.infomosa.si/baze_podatkov/akterji/papilot_zavod_za_vzpodbujanje_in_razvijanje_kvalitete_zivljenja.html,2021,Information/Explanation,,,False,1,1,0,0,1,1,0,1,0,1,0,1,1,1,1,0
3535087,https://ciklon.si/stran/?p=9947,2021,Information/Explanation,,,False,1,1,1,1,1,1,1,1,1,1,1,1,1,1,1,1
9356,http://zasrce.si/clanek/i54/,2014,Information/Explanation,Promotion,,False,1,1,1,1,1,1,1,1,1,1,1,1,1,1,1,1
5068,http://www.koropedija.si/index.php?title=Ravne_na_Koro%C5%A1kem&amp;diff=prev&amp;oldid=13896,2014,Information/Explanation,,Opinion/Argumentation,False,1,1,1,1,1,1,1,1,1,1,1,1,1,1,1,1
352,http://www.startaj.si/8703079/Slova%C5%A1ki-predsednik-bo-del-svoje-rezidence-spremenil-v-coworking-prostore,2014,News/Reporting,,,False,1,1,1,1,1,1,1,1,1,1,1,1,1,1,1,1
161#2,http://www.zvezdni-prah.si/index.php/dogodki/konvencije/52-1-si-con-v-celju,2014,Call,,,False,1,1,1,1,1,1,1,1,1,1,1,1,1,1,1,1
2147#1,http://blog.cosmopolitan.si/lajf/hude-posledice/,2014,Forum,,,False,1,1,1,1,1,1,1,1,1,1,1,1,1,1,1,1
5621,http://www.kamnik-starejsi.si/novice/144-sodelovanje-z-razvojnim-centrom-srca-slovenije,2014,Promotion of Services,Opinion/Argumentation,Information/Explanation,False,1,1,1,1,1,1,1,1,1,1,1,1,1,1,1,1
6979,http://www.tscmb.si/index.php/programi/programi-na-naslovnici/61-vija-strokovna-ola,2014,Invitation,,,False,1,1,1,1,1,1,1,1,1,1,1,1,1,1,1,1
3512864,https://nazdravje.si/calivita-shop/akcije/,2021,Promotion of Services,,,False,1,1,1,1,1,1,1,1,1,1,1,1,1,1,1,1
3312913,http://pgd-kanal.si/index.php/novice/intervencije/313-poplavljen-avto-v-prelesju?tmpl=component&print=1&layout=default&page=,2021,HTML Source Code,,,,0,1,1,1,1,1,1,1,1,1,1,1,1,1,1,1
11566955#2,http://www.kranio.si/osebnostna-rast/kundalini-joga,2021,Information/Explanation,Instruction,Promotion,False,1,1,1,1,1,1,1,1,1,1,1,1,1,1,1,1
4000,http://data.si/blog/2010/10/01/kaj-mora-vsebovati-nalog-za-sluzbeno-potovanje/,2014,Information/Explanation,,,False,1,1,1,1,1,1,1,1,1,1,1,1,1,1,1,1
565,http://dd.delo.si/novice/prodaja-dru%C5%BEbe-ve%C4%8Der-neuspe%C5%A1na-1042013?page=2,2014,News/Reporting,,,False,1,1,1,1,1,1,1,1,1,1,1,1,1,1,1,1
7542,http://ms.sta.si/2010/09/odprta-razstava-slovenske-risbe-v-zagrebskem-muzeju-sodobne-umetnosti/,2014,News/Reporting,,Promotion,False,1,1,1,1,1,1,1,1,1,1,1,1,1,1,1,1
6867027,https://www.mojmuffin.si/nastavki-za-dekoriranje/557-nifty-nozzles-ruski-nastavek-za-dekoriranje-xl-nn112-crocus.html,2021,Promotion of a Product,,,False,1,1,1,1,1,1,1,1,1,1,1,1,1,1,1,1
2484,http://www.studentska-org.si/bolonjska-prenova,2014,Information/Explanation,Promotion,,True,1,1,1,1,1,1,1,1,1,1,1,1,1,1,1,1
33170693,https://www.zdkocevje.si/portfolio-view/predgrad/,2021,Non-textual,,,,0,1,1,1,1,0,1,1,1,1,1,1,1,1,1,1
1507615,https://www.elektrospoji.si/pasivne-komponente-za-industrijski-ethernet-in-profinet,2021,Promotion,,,False,1,1,1,1,1,1,1,1,1,1,1,1,1,1,1,1
9549,http://www.redbull.si/cs/Satellite/sl_SI/Article/Prvi-dokumentarec-Natalije-Gros-021342752048749,2014,Opinionated News,,,False,1,1,1,1,1,1,1,1,1,1,1,1,1,1,1,1
10460852,https://yankeecandle.si/dom-avto/novo-charming-scents/yc-za-avto-cs-pink-sands.html,2021,Information/Explanation,,,False,1,1,1,1,1,1,1,1,1,1,1,1,1,1,1,1
2887#5,http://blog.druzinskapobuda.si/search/label/Dru%C5%BEinska%20politika?updated-max=2008-09-05T21:01:00%2B02:00&amp;max-results=20&amp;start=20&amp;by-date=false,2014,List of Summaries/Excerpts,Opinionated News,,False,1,1,1,1,1,1,1,1,1,1,1,1,1,1,1,1
16209486,"https://www.pesjanar.si/forum/index.php/topic,12428.msg506241.html?PHPSESSID=1ugdolveeu61uh16asf8no1jd9",2021,Forum,,,False,1,1,1,1,1,1,1,1,1,1,1,1,1,1,1,1
7062789#1,http://mikec.si/2012/05/ultimate-survival-oz-neverjetno.html?replytocom=3412,2021,List of Summaries/Excerpts,Opinion/Argumentation,,False,1,1,1,1,1,1,1,1,1,1,1,1,1,1,1,1
471406,https://www.sony.si/electronics/usesne-slusalke/wi-sp500,2021,Promotion of a Product,,,False,1,1,1,1,1,1,1,1,1,1,1,1,1,1,1,1
5017,http://www.click2chic.si/sl/Toaletne_vodice/COOL-WATER-toaletna-voda-za-moske-40-ml/,2014,Promotion of a Product,,,False,1,1,1,1,1,1,1,1,1,1,1,1,1,1,1,1
4585,http://www.substral.si/prepoznajte-tezavo/krt/krt/,2014,Information/Explanation,,Promotion of a Product,False,1,1,1,1,1,1,1,1,1,1,1,1,1,1,1,1
7186,http://www.kajak-zveza.si/moduli/novice/hocevar-deveti-v-seu-durgellu-42,2014,News/Reporting,,,False,1,1,1,1,1,1,1,1,1,1,1,1,1,1,1,1
4717,http://www.gnezdilnice.si/index.php?path=zlatovranka,2014,Information/Explanation,,,False,1,1,1,1,1,1,1,1,1,1,1,1,1,1,1,1
9800,http://www.uradni-list.si/1/content?id=76409,2014,Legal/Regulation,,,False,1,1,1,1,1,1,1,1,1,1,1,1,1,1,1,1
9253,http://avtoarena.si/land-rover/koncepti/tako-si-land-rover-predstavlja-novega-discoveryja/,2014,Promotion of a Product,,,False,1,1,1,1,1,1,1,1,1,1,1,1,1,1,1,1
6729,http://ravne.blog.siol.net/2012/12/11/tudi-na-ravenski-obcini-po-domace/,2014,Opinion/Argumentation,,,False,1,1,1,1,1,1,1,1,1,1,1,1,1,1,1,1
6411616#2,https://spletnik.si/izdelava-spletne-trgovine/cenik/,2021,FAQ,,Promotion of Services,False,1,1,1,1,1,1,1,1,1,1,1,1,1,1,1,1
5568,http://old.radiostudent.si/article.php?sid=26487,2014,Opinion/Argumentation,,,False,1,1,1,1,1,1,1,1,1,0,1,1,1,1,1,0
1196,http://realmadrid.si/2013/11/03/rayo-vallecano-2-3-real-madrid/,2014,Opinionated News,,,False,1,1,1,1,1,1,1,1,1,1,1,1,1,1,1,1
12670513,https://www.pamp.si/poslovna-darila/izdelek/ovitek-podst-za-tablico-14059p/2282,2021,Non-textual,,,,0,1,1,1,1,1,1,1,1,1,1,1,1,1,1,1
2147,http://blog.cosmopolitan.si/lajf/hude-posledice/,2014,Opinion/Argumentation,,,False,1,1,1,1,1,1,1,1,1,1,1,1,1,1,1,1
6405,http://www.avtomanija.si/default.asp?rb=1&amp;page=42&amp;iskalniniz=,2014,List of Summaries/Excerpts,,,False,1,1,1,1,1,1,1,1,1,1,1,1,1,1,1,1
30318560,https://regionalgoriska.si/novica/vljudnost-japonskih-otrok,2021,Other,,,False,1,1,1,1,1,1,1,1,1,1,1,1,1,1,1,1
9387,http://www.o-ledina.si/prva-stran-dogodki?page=52,2014,List of Summaries/Excerpts,,,False,1,1,1,1,1,1,1,1,1,1,1,1,1,1,1,1
19871313#2,https://bazar.coks.si/?cat=34&paged=9,2021,News/Reporting,,Promotion of a Product,False,1,1,1,1,1,1,1,1,1,1,1,1,1,1,1,1
9824,http://www.saiorg.si/si/misel_dneva/2010/10/1/read.html,2014,Opinion/Argumentation,,,False,1,1,1,1,1,1,1,1,1,1,1,1,1,1,1,1
13484786,https://www.karcher-trg.si/izdelki-karcher/dom-in-vrt/sistemi-za-zalivanje/komplet-cevi/karcher-komplet-cevi-z-drzalom-15-m.html,2021,Promotion of a Product,,,False,1,1,1,1,1,1,1,1,1,1,1,1,1,1,1,1
27071386,http://blondi.mojforum.si/blondi-about6.html,2021,Other,,,False,1,1,1,1,1,1,1,1,1,1,1,1,1,1,1,1
8329,http://www.srcnotrbovlje.si/sentovi-poletni-dnevi/,2014,Opinionated News,,,False,1,1,1,1,1,1,1,1,1,1,1,1,1,1,1,1
18083586,http://www.zvvs.si/?stran=novice&tip=16&st=2,2021,List of Summaries/Excerpts,News/Reporting,Opinionated News,False,1,1,1,1,1,1,1,1,1,1,1,1,1,1,1,1
4361969,https://apparatus.si/damir-avdic/,2021,Other,,,False,1,1,1,1,1,1,1,1,1,1,1,1,1,1,1,1
975590,http://www.ipsos.si/VodenjeVIZ_VI_past_dvojne_morale.html,2021,Opinion/Argumentation,,,False,1,1,1,1,1,1,1,1,1,1,1,1,1,1,1,1
6411616,https://spletnik.si/izdelava-spletne-trgovine/cenik/,2021,Promotion of a Product,,,False,1,1,1,1,1,1,1,1,1,1,1,1,1,1,1,1
29263584,https://www.weyergans.si/weyergans-nega-obraza/timeless/,2021,List of Summaries/Excerpts,Promotion of a Product,,False,1,1,1,1,1,1,1,1,1,1,1,1,1,1,1,1
15287426#1,https://www.ecco-verde.si/anarkhia/hair-shock-vlazilen-gel-champi,2021,Instruction,,,False,1,1,1,1,0,0,1,1,1,1,1,1,1,1,1,1
11566955#1,http://www.kranio.si/osebnostna-rast/kundalini-joga,2021,Information/Explanation,,Opinion/Argumentation,False,1,1,1,1,1,1,1,1,1,1,1,1,1,1,1,1
2848,http://minisport.si/rojstni-dan,2014,Promotion of Services,,,False,1,1,1,1,1,1,1,1,1,1,1,1,1,1,1,1
6438,http://www.aha-emmi.si/povrsinska_obdelava_aluminija/mehanske_in_kemicne_predobdelave/,2014,Promotion of Services,,Information/Explanation,False,1,1,1,1,1,1,1,1,1,1,1,1,1,1,1,1
237#1,http://www.suzana.si/modna-skica/,2014,Invitation,,,False,1,1,1,1,1,1,1,1,1,1,1,1,1,1,1,1
6271,http://pednevro.pedkl.si/kategorije/uncategorized/,2014,Invitation,,,False,1,1,1,1,1,1,1,1,1,1,1,1,1,1,1,1
35308632,https://www.beauty-world.si/default.asp?mid=sl&pid=modul_it&wid=13821&detailid=90460,2021,Promotion of a Product,,,False,1,1,1,1,1,1,1,1,1,1,1,1,1,1,1,1
32262994,http://www.mds-drustvo.si/vsebina/koliko-milijard-evrov-strli-iz-nase-bancne-luknje,2021,Opinion/Argumentation,Information/Explanation,,False,1,1,1,1,1,1,1,1,1,1,1,1,1,1,1,1
6659632,https://www.regionalobala.si/novica/danes-bodo-zazivela-rokometna-igrisca,2021,Opinionated News,,,False,1,1,1,1,1,1,1,1,1,1,1,1,1,1,1,1
8105,http://nk-radomlje.si/novica/items/clani-do-novih-sestih-tock-pevnik-ponovno-v-radomljah,2014,Opinionated News,,,False,1,1,1,1,1,1,1,1,1,1,1,1,1,1,1,1
7609298,http://www.najdiprevoz.si/si/ponudniki?&ponudnik=1852&,2021,List of Summaries/Excerpts,Promotion,,False,1,1,1,1,1,1,1,1,1,0,0,1,1,1,1,0
2885,http://arheologija.ff.uni-lj.si/raziskave/nevlje/index.html,2014,Information/Explanation,,,False,1,1,1,1,1,1,1,1,1,1,1,1,1,1,1,1
8814#1,http://kr-og.sta.si/2011/11/porocilo-ce-delft-znizuje-notranjo-stopnjo-donosa-tes-6-2/,2014,List of Summaries/Excerpts,News/Reporting,,False,1,1,1,1,1,1,1,1,1,1,1,1,1,1,1,1
5406,http://www.nkmaribor.si/novice/?id=3664,2014,Opinionated News,,,False,1,1,1,1,1,1,1,1,1,1,1,1,1,1,1,1
3269726,https://www.sc-krsko.si/index.php/aktualno1/237-projektna-dneva-za-prva-letnika-gimnazije-lepa-beseda-nikomur-ne-preseda,2021,News/Reporting,,,False,1,1,1,1,1,1,1,1,1,1,1,1,1,1,1,1
26071580,https://www.sonce-nepremicnine.si/sl/Nepremicninski-oglasi/prodaja.k1/Hrvaska.d54/vecje_od_145m2.m145/manjse_od_155m2.x155/oglas3169237.html,2021,Promotion of a Product,Information/Explanation,,False,1,1,1,1,1,1,1,1,1,1,1,1,1,1,1,1
5004,http://www.tnp.si/prireditve/termin/1664/,2014,Invitation,,,False,1,1,1,1,1,1,1,1,1,1,1,1,1,1,1,1
8248,http://regionalgoriska.si/novica/sodisce-podaljsalo-sojenje-pistoriusu-do-16-maja,2014,News/Reporting,,,False,1,1,1,1,1,1,1,1,1,1,1,1,1,1,1,1
17997851,https://www.unistarpro.si/vecer-pogovor-z-eticnim-hekerjem,2021,Information/Explanation,,News/Reporting,False,1,1,1,1,1,1,1,1,1,1,1,1,1,1,1,1
17663984#3,https://publishwall.si/pozareport.7dni,2021,Opinionated News,,,False,1,1,1,1,1,1,1,1,1,1,1,1,1,1,1,1
7312744,https://www.geocacher.si/forum/viewtopic.php?p=10305&sid=c805592634ce6d7894ca6724f400be2e,2021,Forum,,,False,1,1,1,1,1,1,1,1,1,1,1,1,1,1,1,1
9004,http://dne.enaa.com/Internet-in-programi/Page-62.html,2014,List of Summaries/Excerpts,News/Reporting,,False,1,1,1,1,1,1,1,1,1,1,1,1,1,1,1,1
39172606,https://ustavimokorono.si/fast/150509_Premium.html,2021,Machine Translation,,,,0,0,0,0,0,0,0,0,0,0,0,0,0,0,0,0
3284,http://www.zurnal24.si/hammond-stig-mora-ostati-to-kar-je-clanek-121479,2014,Interview,,,True,1,1,1,1,1,1,1,1,1,1,1,1,1,1,1,1
9932,http://www.primorske.si/2010/11?p=2,2014,List of Summaries/Excerpts,News/Reporting,,False,1,1,1,1,1,1,1,1,1,1,1,1,1,1,1,1
14970387#1,https://www.ecco-verde.si/maternatura/stimulierendes-shampoo-mit-ylang-ylang,2021,Instruction,,,False,1,1,1,1,1,1,1,1,1,1,1,1,1,1,1,1
4678442,http://www.spins.si/novice/23/razbijanje_kokosov.html,2021,Opinionated News,,,False,1,1,1,1,1,1,1,1,1,1,1,1,1,1,1,1
24365631,http://sa-agencija.si/novice/hondin-visokoleteci-petletni-plan/,2021,Opinionated News,,,False,1,1,1,1,1,1,1,1,1,1,1,1,1,1,1,1
3096,http://www.livelovetravel.si/category/turizem-potovanja/page/5/,2014,Opinion/Argumentation,,,False,1,1,1,1,1,1,1,1,1,1,1,1,1,1,1,1
10094463,https://www.os-naklo.si/vrtec.php?f=spominjamo-se1&t=1&kat=23&ido=5700,2021,Opinion/Argumentation,,,False,1,1,1,1,1,1,1,1,1,1,1,1,1,1,1,1
4008994,http://ff.um.si/raziskovanje/,2021,Information/Explanation,,Promotion of Services,False,1,1,1,1,1,1,1,1,1,1,1,1,1,1,1,1
771804#1,https://zelisca-cvetka.si/blog/cemaz/,2021,Recipe,,,False,1,1,1,1,1,1,1,1,1,1,1,1,1,1,1,1
32653269,https://gizzmo.si/tpu-gel-ovitek-ipaky-wheat-straw-za-iphone-x-xs-rdec-artikel-33009,2021,Promotion of a Product,,,False,1,1,0,0,0,0,1,1,0,0,0,0,0,0,0,0
3888,http://ednevnik.si/?w=DusaSamote&amp;category=Politi%E8na%2Brazmi%B9ljanja&amp;page=2&amp;thisy=&amp;thism=&amp;thisd=,2014,Too Long,,,,0,1,1,1,1,1,1,1,1,1,1,1,1,1,1,1
8971889,https://nakonju.si/aktualno/aktualne_novice/292/kljub_epidemiji_izvajamo_individualne_terapevtske_programe/,2021,Announcement,Promotion of services,,True,1,1,1,1,1,1,1,1,1,1,1,1,1,1,1,1
9847,http://www.mojmalcek.si/teme/dojencek/332/prva_spominska_knjiga.html,2014,Promotion of a Product,Opinion/Argumentation,,False,1,1,1,1,1,1,1,1,1,1,1,1,1,1,1,1
400,http://rodoslovje.si/index.php/sl/metode-in-pripomocki,2014,Information/Explanation,,,False,1,1,1,1,1,1,1,1,1,1,1,1,1,1,1,1
5817,http://lifestyle.enaa.com/Zdravje/Zdravo-zivljenje/Copici-za-licila-nepogresljivi-za-zenske.html,2014,Opinion/Argumentation,Instruction,,False,1,1,1,1,1,1,1,1,1,1,1,1,1,1,1,1
9084,http://www.althea.si/reference-mnenja/imt/,2014,Review,,,False,1,1,1,1,1,1,1,1,1,1,1,1,1,1,1,1
18965455,https://www.krizaj.si/design-view/krizaj-design/,2021,Promotion of Services,,,False,1,1,1,1,1,1,1,1,1,1,1,1,1,1,1,1
7133,http://www.sodnapraksa.si/search.php?q=G35/12&amp;database[SOVS]=SOVS&amp;_submit=i�èi&amp;order=code&amp;direction=desc&amp;page=5&amp;moreLikeThis=1&amp;id=doc_16784,2014,Legal/Regulation,,,False,1,1,1,1,1,1,1,1,1,1,1,1,1,1,1,1
3842,http://www.planinska-zveza.si/novice.php?pid=7720,2014,Promotion of a Product,,Information/Explanation,False,1,1,1,1,1,1,1,1,1,1,1,1,1,1,1,1
20067901,http://pomorstvo.mojforum.si/pomorstvo-post-2412.html,2021,Forum,,,False,1,1,1,1,1,1,1,1,1,1,1,1,1,1,1,1
1959444,https://www.komunala-radovljica.si/novice/motnje-vodooskrbe/132/2521?Archive&2015,2021,Announcement,,,False,1,1,1,1,1,1,1,1,1,1,1,1,1,1,1,1
5911,http://www.dostop.si/Novica.aspx?ID=1040,2014,News/Reporting,,,False,1,1,1,1,1,1,1,1,1,1,1,1,1,1,1,1
8963663,https://animalis.si/ljubljencki/macke/odpornost-in-vitalnost-macke/viyo-reinforces-macke.html,2021,Opinion/Argumentation,Information/Explanation,Promotion of a Product,True,1,1,1,1,1,1,1,1,1,1,1,1,1,1,1,1
31193966,https://www.mali-vragci.si/pripomocki/blazina-za-dojenje/blazina-za-dojenje-mamo-tato-vzorec-24,2021,Too Long,,,,0,1,1,0,1,1,1,1,1,0,0,0,0,0,1,0
15236636,https://pegasus-pro.si/metrotiles-svetlo-zelena,2021,Promotion of a Product,,,False,1,1,1,1,1,0,1,1,1,1,1,1,1,1,1,1
2508,http://582.gvs.arnes.si/wordpress/vzgoja-in-izobrazevanje/vrtec/,2014,Information/Explanation,,Promotion of Services,False,1,1,1,1,1,1,1,1,1,1,1,1,1,1,1,1
4695,http://luka-kp.si/slo/medijski-koticek/arhiv-novic/1906,2014,News/Reporting,,,False,1,1,1,1,1,1,1,1,1,1,1,1,1,1,1,1
10912375#1,https://www.agitavit.si/referenca/enotna-komunikacijska-tocka-za-prav-vsakega-zaposlenega/,2021,Promotion of Services,,,False,1,1,1,1,1,1,1,1,1,1,1,1,1,1,1,1
26511103,http://www.potapljajse.si/potapljaske-obleke/artikel/295/potapljaske-obleke/artikel/295/potapljaska-obleka-profile-shorty-scubapro-potapljaska-oprema?kuki=del,2021,Machine Translation,,,,0,1,1,1,1,1,1,1,1,1,1,1,1,1,1,1
732,http://www.lekarna-psr.si/?stran=novica&amp;id=109,2014,Announcement,,,False,1,1,1,1,1,1,1,1,1,1,1,1,1,1,1,1
3396,http://pizza-grad.com/,2014,Promotion of Services,,,False,1,1,1,1,1,1,1,1,1,1,1,1,1,1,1,1
14759353,https://micna.slovenskenovice.si/zate/navadna-zenska-pise-danaja-lorencic,2021,Opinion/Argumentation,,,False,1,1,1,1,1,1,1,1,1,1,1,1,1,1,1,1
3186,http://www.trzican.si/?p=4419,2014,Opinion/Argumentation,,,False,1,1,1,1,1,1,1,1,1,1,1,1,1,1,1,1
9002#1,http://www.slovenskenovice.si/lifestyle/zdravje/hranilne-maske-iz-domace-kuhinje,2014,Forum,,,False,1,1,1,1,1,1,1,1,1,1,1,1,1,1,1,1
8741,http://www.go-design.si/citalnica?bid=181,2014,Opinion/Argumentation,,Instruction,False,1,1,1,1,1,1,1,1,1,1,1,1,1,1,1,1
6449,http://www.vsikuponi.si/23054/pilates-zoga-55-cm-rdeca.html,2014,Promotion of a Product,,,False,1,1,1,1,1,1,1,1,1,1,1,1,1,1,1,1
3766,http://www.mic.si/svetovalnica/spletno-svetovanje/ginekolosko-svetovanje/1641-krvavitev-po-spolnem-odnosu?tmpl=component&amp;print=1&amp;layout=default&amp;page=,2014,Correspondence,,,False,1,1,1,1,1,1,1,1,1,1,1,1,1,1,1,1
32693870,http://www.etocka.si/moja-dnevna-soba-me-pomirja/,2021,Opinion/Argumentation,,,False,1,1,1,1,1,1,1,1,1,1,1,1,1,1,1,1
9247,"http://www.trgovinazaduso.si/162,steklenicka-78-–-temenska-osvoboditev.html",2014,Promotion,,,False,1,1,1,1,1,1,1,1,1,1,1,1,1,1,1,1
5335,http://www.motorist.si/razno/novice/se-bosta-piaggio-in-ducati-zdruzila,2014,Opinionated News,,,False,1,1,1,1,1,1,1,1,1,1,1,1,1,1,1,1
22058408,https://www.sloski.si/index.php?t=news&id=76211&l=sl,2021,Opinion/Argumentation,,Information/Explanation,False,1,1,1,1,1,1,1,1,1,1,1,1,1,1,1,1
16712009,https://mgm.si/nadzor/,2021,Non-textual,,,,0,1,1,1,1,1,1,1,1,1,1,1,1,1,1,1
364,http://www.kostel.si/page/page.asp?leto=2013&amp;mesec=3&amp;arhiv=da&amp;id_meta_type=38,2014,News/Reporting,,,False,1,1,1,1,1,1,1,1,1,1,1,1,1,1,1,1
4431924,http://user.spletnik.si/demo194741/Psihoterapija-ob-izzivih-ne-plodnosti.html,2021,Opinion/Argumentation,,Information/Explanation,False,1,1,1,1,1,1,1,1,1,1,1,1,1,1,1,1
20812856,https://dk.um.si/Iskanje.php?type=napredno&stl0=KljucneBesede&niz0=Sustainable+Process+index+®+-+SPI&lang=slv,2021,Research Article,,,False,1,1,1,1,1,1,1,1,1,1,1,1,1,1,1,1
9891,http://mladipodjetnik.si/novice-in-dogodki/novice/5-razlogov-zakaj-je-coworking-odlicna-resitev,2014,Promotion,,,False,1,1,1,1,1,1,1,1,1,1,1,1,1,1,1,1
9711,http://www.modna-zvezda.si/jessica-jagec-pomladpoletje-2013/,2014,Opinionated News,,,False,1,1,1,1,1,1,1,1,1,1,1,1,1,1,1,1
17131072,http://www.oglasi.si/oglas_storitve_in_delo/instrukcije/instrukcije-francoscine-na-domu/434222,2021,Promotion,,,False,1,1,1,1,1,1,1,1,1,1,1,1,1,1,1,1
9438,http://www.petruzalek.si/mesalci-mesa,2014,Information/Explanation,Promotion of a Product,,False,1,1,1,1,1,1,1,1,1,1,1,1,1,1,1,1
27664127,https://www.zdruzenje-sim.si/arhiv-novic/2014052814084565/pravljicno_poucevanje_slovenskega_jezika_za_najmlajse,2021,Not Slovene,,,,0,1,1,1,1,1,1,1,1,1,1,1,1,1,1,1
2751,http://www.szd.si/user_files/vsebina/Zdravniski_Vestnik/vestnik/st07-1/st07-1-11-17.htm,2014,Research Article,,,False,1,1,1,1,1,1,1,1,1,1,1,1,1,1,1,1
3076#1,http://www.ringaraja.net/clanek/kako-nastane-ocka_5637.html,2014,Information/Explanation,,Opinion/Argumentation,False,1,1,1,1,1,1,1,1,1,1,1,1,1,1,1,1
4639,http://www.suzana.si/modna-skica/,2014,Instruction,Opinion/Argumentation,,False,1,1,1,1,1,1,1,1,1,1,1,1,1,1,1,1
11662122,https://www.sonce-nepremicnine.si/sl/Nepremicninski-oglasi/oglas3140230.html,2021,Promotion of a Product,Information/Explanation,,False,1,1,1,1,1,1,1,1,1,1,1,1,1,1,1,1
11566955,http://www.kranio.si/osebnostna-rast/kundalini-joga,2021,Promotion of a Product,,,False,1,1,1,1,1,1,1,1,1,1,1,1,1,1,1,1
401,http://www.canon.si/For_Home/Product_Finder/Cameras/Digital_Camera/point_and_shoot/index.aspx,2014,Promotion of a Product,,,False,1,1,1,1,1,1,1,1,1,1,1,1,1,1,1,1
4586,http://www.poslovni-bazar.si/index.php?mod=articles&amp;group=4&amp;page=6,2014,List of Summaries/Excerpts,,Promotion,False,1,1,1,1,1,1,1,1,1,1,1,1,1,1,1,1
7128,http://mojezdravje.dnevnik.si/sl/Bolezen+in+bole%C4%8Dina/807/Anemija+je+nevarna+spremljevalka+raka,2014,Information/Explanation,,,False,1,1,1,1,1,1,1,1,1,1,1,1,1,1,1,1
9002,http://www.slovenskenovice.si/lifestyle/zdravje/hranilne-maske-iz-domace-kuhinje,2014,Instruction,Promotion,Promotion of a Product,False,1,1,1,1,1,1,1,1,1,1,1,1,1,1,1,1
5512,http://www.energijadoma.si/novice/svetovalnica/?page=31,2014,Information/Explanation,,Instruction,False,1,1,1,1,1,1,1,1,1,1,1,1,1,1,1,1
14808799,https://otroski.rtvslo.si/firbcologi/prispevek/637,2021,Too Short/Incoherent,,,,0,1,1,1,1,1,1,1,1,1,1,1,1,1,1,1
1063812,http://avtomanija.si/default.asp?rb=4&page=0&iskalniniz=,2021,List of Summaries/Excerpts,,,False,1,1,1,1,1,1,1,1,1,1,1,1,1,1,1,1
19410739,https://www.flixbus.si/avtobusne-povezave/debar-rieti,2021,Non-textual,,,,0,1,0,0,0,0,0,0,0,0,0,0,0,0,0,0
40765569,http://www.instore.si/newsarticle/newsarticle/Prepoznavna-Barcaff-magenta-barva-zascitena-v-Slov,2021,Opinionated News,,,False,1,1,1,1,1,1,1,1,1,1,1,1,1,1,1,1
3270546,https://www.rocker.si/ozzy-osbourne-ustvarja-nov-studijski-album/,2021,News/Reporting,Opinionated News,,False,1,1,1,1,1,1,1,1,1,1,1,1,1,1,1,1
425762,https://artros.si/pogoste-tezave/kronicna-bolecina-v-zapestju,2021,Information/Explanation,,,False,1,1,1,1,1,1,1,1,1,1,1,1,1,1,1,1
17663984#6,https://publishwall.si/pozareport.7dni,2021,Correspondence,,,True,1,1,1,1,1,1,1,1,1,1,1,1,1,1,1,1
4116#1,http://ednevnik.si/entry.php?w=mojeblodnje&amp;e_id=51322,2014,Forum,,,False,1,1,1,1,1,1,1,1,1,1,1,1,1,1,1,1
1789768#2,https://www.digimedia.si/ucinkovit-digitalni-marketing-osnovni-koraki-do-uspeha/,2021,Promotion,,,True,1,1,1,1,1,1,1,1,1,1,1,1,1,1,1,1
2816,http://www.varcevanje-energije.si/raznoenergetsko-varcna-voznja/najboljsi-eko-avto-2013.html,2014,Promotion of a Product,Review,,False,1,1,1,1,1,1,1,1,1,1,1,1,1,1,1,1
5340,http://val202.rtvslo.si/2013/02/pazite-kaj-tvitate-nuk-vas-gleda/,2014,News/Reporting,Opinionated News,,False,1,1,1,1,1,1,1,1,1,1,1,1,1,1,1,1
36264271,https://www.elektronik.si/phpBB2/viewtopic.php?t=45680&postdays=0&postorder=asc&start=15&sid=0193bf9fbb9c526ac8ff05505511eee6,2021,Forum,,,False,1,1,1,1,1,1,1,1,1,1,1,1,1,1,1,1
20212172,https://ius-info.ius-software.si/medijsko-sredisce/kolumne/10159,2021,Opinion/Argumentation,,Information/Explanation,False,1,1,1,1,1,1,1,1,1,1,1,1,1,1,1,1
8688,http://www.redbull.si/cs/Satellite/sl_SI/Article/Uporabi-obraz-namesto-joysticka--021243077086335,2014,Promotion of a Product,,,False,1,1,1,1,1,1,1,1,1,1,1,1,1,1,1,1
3978,http://metinalista.si/tag/branje/page/4/,2014,List of Summaries/Excerpts,,,False,1,1,1,0,1,1,1,1,1,1,1,1,1,1,1,1
6162129,https://www.soncek-maribor.si/component/content/article/1-zadnje-novice/719-6-oktober-svetovni-dan-cerebralne-paralize.html,2021,Invitation,,,False,1,1,1,1,1,1,1,1,1,1,1,1,1,1,1,1
1371618,http://www.hrti.si/prireditve/30cac_14CACIL.html,2021,Not Slovene,,,,0,1,1,1,1,1,1,1,1,1,1,1,1,1,1,1
304,http://www.avto-lusina.si/?u=novice&amp;m=24&amp;start=25,2014,Promotion of a Product,News/Reporting,,False,1,1,1,1,1,1,1,1,1,1,1,1,1,1,1,1
22461198,http://www.pisrs.si/Pis.web/pregledPredpisa?id=URED5473,2021,Legal/Regulation,,,False,1,1,1,1,1,1,1,1,1,0,0,1,1,1,1,1
8560420,https://www.alaja.si/trgovina/kozmetika/glina/zelena-glina-na-povojnem-traku-2-kosa.html,2021,Promotion of a Product,,Information/Explanation,False,1,1,1,1,1,1,1,1,1,1,1,1,1,1,1,1
8773#1,http://ducan.ednevnik.si/entry.php?w=morskadeklica&amp;e_id=117394,2014,Forum,,,False,1,1,1,1,1,1,1,1,1,1,1,1,1,1,1,1
7198,http://www.redbull.si/cs/Satellite/sl_SI/Gallery/SVET-JE-VELIKO-IGRI%C5%A0%C4%8CE---NA-DVEH-KOLESIH/Danny-MacAskill-v-San-Diegu-021243188734132?GImageId=1243188741423,2014,Opinionated News,,,False,1,1,1,1,1,1,1,1,1,1,1,1,1,1,1,1
2531344,https://www.alteka.si/product-category/igracke/analni-pripomocki/analni-cep/,2021,Machine Translation,,,,0,1,1,1,1,1,1,1,1,1,1,1,1,1,1,1
7310,http://dne.enaa.com/E-svet/Poslovni-svet/Page-12.html,2014,List of Summaries/Excerpts,,,False,1,1,1,1,1,1,1,1,1,1,1,1,1,1,1,1
17775238,https://beta.edavki.durs.si/EdavkiPortal/OpenPortal/CommonPages/Opdynp/PageD.aspx?category=pooblastilo_77_clen_fod,2021,Legal/Regulation,,,False,1,1,1,1,1,1,1,1,1,1,1,1,1,1,1,1
6615,http://www.eu2008.si/si/News_and_Documents/Speeches_Interviews/April/0401GAERC_AFET_Rupel.html,2014,Other,Opinionated News,,False,1,1,1,1,1,1,1,1,1,1,1,1,1,1,1,1
373851,https://www.labelhair.si/weleda/olje-sivke-za-sproscanje,2021,Promotion of a Product,,,False,1,1,1,1,1,1,1,1,1,1,1,1,1,1,1,1
5852,http://www.moto-magazin.si/novice/video-na-predstavitvi-ktm-a-1190-rc8/,2014,Review,,,False,1,1,1,1,1,1,1,1,1,1,1,1,1,1,1,1
20628609,https://avto.liderpnevmatik.si/pnevmatski/volkswagen/crafter/crafter-3490/,2021,Too Short/Incoherent,,,,0,1,0,0,0,0,0,0,0,0,0,0,1,1,0,0
988331,https://www.ciciban-nm.si/sl/novice/racke-narava-na-prostem/559?page=10,2021,Opinion/Argumentation,,,False,1,1,1,1,1,1,1,1,1,1,1,1,1,1,1,1
6622031,https://www.s-sers.mb.edus.si/gradiva/w3/omrezja/90_besednjak/p.html,2021,List of Summaries/Excerpts,Information/Explanation,,False,1,1,1,1,1,1,1,1,1,1,1,1,1,1,1,1
3933#1,http://susi.blog.siol.net/2008/07/21/ugotovitve-tedna-22/,2014,Forum,,,False,1,1,1,1,1,1,1,1,1,1,1,1,1,1,1,1
27809883,https://www.smileconceptstore.si/zavijanje-daril/dekorativni-trak-hearts,2021,Promotion of a Product,,,False,1,1,1,1,1,1,1,1,1,1,1,1,1,1,1,1
23958443,https://www.estela.si/hairgum-strong-gel-sprej-za-lase-3,2021,Promotion of a Product,,,False,1,1,1,1,1,1,1,1,1,1,1,1,1,1,1,1
5149,http://sharepoint.os-fmalgaja.si/aktualno/prispevki2/Povabimo%20besedo.aspx,2014,Opinionated News,,,False,1,1,1,1,1,1,1,1,1,1,1,1,1,1,1,1
28158959,https://www.zib.si/S10400/S20000/S60000/S60000/S10300/S30000/S40000/S10300/S10100/S3/S10500/S10000/S10300/S1/Vstopna+stran,2021,Too Short/Incoherent,,,,0,0,0,0,0,0,0,0,0,0,0,0,0,0,0,0
8646,http://www.zurnal24.si/prihodnost-brez-semaforjev-clanek-156128,2014,Opinionated News,,,False,1,1,1,1,1,1,1,1,1,1,1,1,1,1,1,1
5626#2,http://dkum.ukm.si/Iskanje.php?type=napredno&amp;lang=slv&amp;stl0=KljucneBesede&amp;niz0=onesna%C5%BEevala,2014,Research Article,,,False,1,1,1,1,1,1,1,1,1,1,1,1,1,1,1,1
3823,http://megazin.spoznaj.si/?p=8116,2014,Promotion of a Product,Instruction,,False,1,1,1,1,1,1,1,1,1,1,1,1,1,1,1,1
27759818,https://mladipodjetnik.si/novice-in-dogodki/novice/5-nasvetov-za-mlade-podjetnike-domen-cesnik-zabec.net,2021,Instruction,Opinion/Argumentation,,False,1,1,1,1,1,1,1,1,1,1,1,1,1,1,1,1
4173023,https://energetska-izkaznica.visia.si/ptuj/,2021,Information/Explanation,Promotion of a Product,,True,1,1,1,1,1,1,1,1,1,1,1,1,1,1,1,1
3286,http://www.pikniki.si/Ideje+za+vsak+dan/47/Dan+potem,2014,Instruction,,,False,1,1,1,1,1,1,1,1,1,1,1,1,1,1,1,1
22011899,https://drustvo-sovica.si/2020/01/,2021,List of Summaries/Excerpts,,Invitation,False,1,1,1,1,1,1,1,1,1,1,1,1,1,1,1,1
3518,http://primorske.si/2014/05/28/V--Berlusconijevem--domu-za-ostarele-nobenega-glas,2014,News/Reporting,,,False,1,1,1,1,1,1,1,1,1,1,1,1,1,1,1,1
6766,http://www.kreditko.si/stanovanjska-posojila-za-mlade,2014,Promotion of Services,Review,,False,1,1,1,1,1,1,1,1,1,1,1,1,1,1,1,1
818,http://www.almamater.si/index.php/sl/studijski-program/opis-studijskih-programov/142-socialna-gerontologija-uni,2014,Information/Explanation,,Call,False,1,1,1,1,1,1,1,1,1,1,1,1,1,1,1,1
16263891,https://www.maxximum.si/Vadba/Ostalo/3/10/1176/3/Kaj_je_MaxxFIT_Primal_Flow,2021,Promotion of a Product,,Information/Explanation,False,1,1,1,1,1,1,1,1,1,1,1,1,1,1,1,1
17766566,https://www.preberi.si/content/view/2901435-Najboljsa-monodrama-Noc-cisto-na-robu-gozdov.html,2021,News/Reporting,,,False,1,1,1,1,1,1,1,1,1,1,1,1,1,1,1,1
32472742,https://avto.finance.si/8958316/Hondin-hibrid-za-vzor-tudi-bolj-slavnemu-tekmecu?cctest&,2021,List of Summaries/Excerpts,,,False,1,1,1,1,1,1,1,1,1,1,1,1,1,1,1,1
5510393#1,https://www.zdravstveniportal.si/zdravstvo/politika/327/minister-za-zdravje-ales-sabeder-druzinska-medicina-ukrepi,2021,Opinionated News,,,False,1,1,1,1,1,1,1,1,1,1,1,1,1,1,1,1
31183303,https://ikthm.gzs.si/Novice/ArticleId/67821/digitalna-strategija,2021,Invitation,,Information/Explanation,True,1,1,1,1,1,1,1,1,1,1,1,1,1,1,1,1
8596,http://www.narodnjak.si/aktualno/novice/?stran=183,2014,List of Summaries/Excerpts,,,False,1,1,1,1,1,1,1,1,1,1,1,1,1,1,1,1
25364651,https://www.anan-promotion.si/sl/kopalniski-dodatki,2021,List of Summaries/Excerpts,Promotion of a Product,,False,1,1,1,1,1,1,1,1,1,1,1,1,1,1,1,1
3828,http://www.preberite.si/vedezevanje-razkriti-triki/,2014,Opinion/Argumentation,,Information/Explanation,False,1,1,1,1,1,1,1,1,1,1,1,1,1,1,1,1
5626#1,http://dkum.ukm.si/Iskanje.php?type=napredno&amp;lang=slv&amp;stl0=KljucneBesede&amp;niz0=onesna%C5%BEevala,2014,Research Article,,,False,1,1,1,1,1,1,1,1,1,1,1,1,1,1,1,1
13364639,https://www.rojal.si/si/shop/pravo-orozje/pravo_ostalo/sightmark-sightmark-22lr-boresight-laser-za-nastrelitev.html,2021,Promotion of a Product,,,False,1,1,1,1,1,1,1,1,1,1,1,1,1,1,1,1
4644,http://www.hamradio.si/index.php?view=article&amp;catid=43%3Adiplome&amp;id=71%3Adiploma-ul-s5&amp;tmpl=component&amp;print=1&amp;layout=default&amp;page=&amp;option=com_content&amp;Itemid=58,2014,Information/Explanation,,,False,1,1,1,1,1,1,1,1,1,1,1,1,1,1,1,1
15270073,http://atletskiklub-nm.si/index.php?view=article&catid=51%3Akatnovice&id=2790%3Apriprave-mladih-printerjev-beograd-2312-30122016&tmpl=component&print=1&layout=default&page=&option=com_content,2021,News/Reporting,Opinionated News,,False,1,1,1,1,1,1,1,1,1,1,1,1,1,1,1,1
4083855,https://zobozdravnik-zagar.si/imamo-nov-urnik,2021,Announcement,,,False,1,1,1,1,1,1,1,1,1,1,1,1,1,1,1,1
6487,http://www.elter.si/toplotne_crpalke.php?page=43,2014,Promotion of a Product,,,False,1,1,1,1,1,1,1,1,1,1,1,1,1,1,1,1
5405902,https://moj-letak.si/novo-mesto/spar/klemenciceva-ulica-15,2021,Generated Text,,,,0,1,1,1,1,1,1,1,1,1,1,1,1,1,1,1
19076847,https://www.navtikon.si/tecaj-vhf-gmdss-prijava-novo-mesto/,2021,Too Short/Incoherent,,,,0,1,1,1,1,1,1,1,1,1,1,1,1,1,1,1
7847031,https://www.primerjam.si/nasveti/streha/prenova-strehe-cena,2021,Information/Explanation,Instruction,,False,1,1,1,1,1,1,1,1,1,1,1,1,1,1,1,1
31268416,http://kkpomurje.mojforum.si/kkpomurje-about45-0.html,2021,Forum,,,False,1,0,0,0,0,0,0,0,0,0,0,0,0,0,0,0
9129#2,http://www.srednjasolaravne.si/index.php/projekti/drugi-projekti/132-solska-malica?tmpl=component&amp;print=1&amp;page=,2014,Instruction,Information/Explanation,,False,1,1,1,1,1,1,1,1,1,1,1,1,1,1,1,1
30059720,https://www.pesem.si/a/objava/prikaz/43933/cetrta_zenska,2021,Not Slovene,,,,0,1,1,1,0,0,0,1,0,0,1,1,1,0,0,0
12393994,https://savne.si/savne/infrardece-savne/signature-i.html,2021,Promotion of a Product,,,False,1,1,1,1,1,1,1,1,1,1,1,1,1,1,1,1
7694,http://ars.rtvslo.si/zborovska-glasba-posnetki-z-domacih-in-tujih-odrov/,2014,Information/Explanation,Opinion/Argumentation,,False,1,1,1,1,1,1,1,1,1,1,1,1,1,1,1,1
1560206,https://www.prilevcku.si/akrilni-lak-250-ml.html,2021,Promotion of a Product,,Information/Explanation,False,1,1,1,1,1,1,1,1,1,1,1,1,1,1,1,1
42012687,http://www.najdi.si/najdi/protipotresen/stran/4,2021,Not Slovene,,,,0,0,1,0,0,0,0,0,0,0,0,0,0,0,0,0
14358870,https://etrgovina.pipinova-knjiga.si/prirocniki/i_616_trma,2021,Promotion,Promotion of a Product,,False,1,1,1,1,1,1,1,1,1,1,1,1,1,1,1,1
34472716,https://www.delko.si/sl/vse-znamke/airfix_1-32.html?mode=list,2021,Not Slovene,,,,0,1,1,1,1,1,1,1,1,1,1,1,1,1,1,1
5649,http://sodisce.si/znanje/sodna_praksa/vrhovno_sodisce_rs/31975/,2014,Legal/Regulation,,,False,1,1,1,1,1,1,1,1,1,1,1,1,1,1,1,1
2536,http://epsihologija.si/novica/dejstva-in-zmote-povezane-z-rakom,2014,Opinion/Argumentation,Information/Explanation,,False,1,1,1,1,1,1,1,1,1,1,1,1,1,1,1,1
